Nombre,CCAA,Sueldo
Sueldo de Abel Benito Veiga Copo,Altos Cargos De Las CcaaÂ (Xunta De Galicia), 52.306 euros.
Sueldo de Abel Morales RodrÃ­guez,Altos Cargos De Las CcaaÂ (Gobierno De Canarias)," 60.403,43 euros."
Sueldo de Abelardo de La Rosa DÃ­az,Altos Cargos De Las CcaaÂ (JUNTA DE ANDALUCÃA)," 55.812,16 euros."
Sueldo de Abraham Luis CÃ¡rdenes GonzÃ¡lez,Altos Cargos De Las CcaaÂ (Gobierno De Canarias)," 59.659,87 euros."
Sueldo de Adela MartÃ­nez-CachÃ¡ MartÃ­nez,Altos Cargos De Las CcaaÂ (Gobierno De Murcia)," 71.112,66 euros."
Sueldo de Adolfo Ezquerra Canalejo,Altos Cargos De Las CcaaÂ (Comunidad De Madrid), 93.855 euros.
Sueldo de Adolfo Morais Ezquerro,Altos Cargos De Las CcaaÂ (Gobierno Vasco)," 79.460,57 euros."
Sueldo de Adolfo Moreno Carrera,Altos Cargos De Las CcaaÂ (JUNTA DE ANDALUCÃA)," 47.344,86 euros."
Sueldo de AdriÃ¡n Gimeno Redrado,Altos Cargos De Las CcaaÂ (Gobierno De AragÃ³n)," 64.743,72 euros."
Sueldo de Agapito Portillo SÃ¡nchez,Altos Cargos De Las CcaaÂ (Castilla La Mancha)," 66.189,2 euros."
Sueldo de AgustÃ­ Paris Roig,Altos Cargos De Las CcaaÂ (Generalitat De Catalunya)," 82.209,94 euros."
Sueldo de AgustÃ­ Serra Monte,Altos Cargos De Las CcaaÂ (Generalitat De Catalunya)," 85.769,1 euros."
Sueldo de AgustÃ­n Ãlvarez Nogal,Altos Cargos De Las CcaaÂ (Junta De Castilla Y LeÃ³n)," 64.243,9 euros."
Sueldo de AgustÃ­n Gastaminza Oiz,Altos Cargos De Las CcaaÂ (Gobierno De Navarra)," 55.855,66 euros."
Sueldo de Aitana Joana Mas Mas,Altos Cargos De Las CcaaÂ (Generalitat Valenciana)," 64.415,45 euros."
Sueldo de Aitor Etxebarria Atutxa,Altos Cargos De Las CcaaÂ (Gobierno Vasco)," 67.757,9 euros."
Sueldo de Aitor Garitano Trojaola,Altos Cargos De Las CcaaÂ (Gobierno Vasco)," 67.757,9 euros."
Sueldo de Aitor Mikel Uriarte Unzalu,Altos Cargos De Las CcaaÂ (Gobierno Vasco)," 67.757,9 euros."
Sueldo de Aitor Patxi Oregi Bazterrika,Altos Cargos De Las CcaaÂ (Gobierno Vasco)," 67.757,9 euros."
Sueldo de Aitor Urzelai Inza,Altos Cargos De Las CcaaÂ (Gobierno Vasco)," 67.757,9 euros."
Sueldo de Aitor Zulueta Telleria,Altos Cargos De Las CcaaÂ (Gobierno Vasco)," 67.757,9 euros."
Sueldo de Aitziber Atorrasagasti Calcedo,Altos Cargos De Las CcaaÂ (Gobierno Vasco)," 67.757,9 euros."
Sueldo de Aitziber Beldarrain Robles,Altos Cargos De Las CcaaÂ (Gobierno Vasco)," 67.757,9 euros."
Sueldo de Alba Ascension Urresola Clavero,Altos Cargos De Las CcaaÂ (Gobierno Vasco)," 67.757,9 euros."
Sueldo de Alba Balcells Barril,Altos Cargos De Las CcaaÂ (Generalitat De Catalunya)," 62.154,26 euros."
Sueldo de Albert Alins Abad,Altos Cargos De Las CcaaÂ (Generalitat De Catalunya)," 82.209,94 euros."
Sueldo de Albert Barbera Lluis,Altos Cargos De Las CcaaÂ (Generalitat De Catalunya)," 82.209,94 euros."
Sueldo de Albert Castellanos Maduell,Altos Cargos De Las CcaaÂ (Generalitat De Catalunya)," 85.769,1 euros."
Sueldo de Albert Girona Albuixech,Altos Cargos De Las CcaaÂ (Generalitat Valenciana)," 63.927,54 euros."
Sueldo de Alberto Alberdi Larizgoitia,Altos Cargos De Las CcaaÂ (Gobierno Vasco)," 79.460,57 euros."
Sueldo de Alberto Alonso Martin,Altos Cargos De Las CcaaÂ (Gobierno Vasco)," 67.757,9 euros."
Sueldo de Alberto Fuentes LosadaÂ ,Altos Cargos De Las CcaaÂ (Xunta De Galicia)," 57.894,6 euros."
Sueldo de Alberto Galiana GarcÃ­a,Altos Cargos De Las CcaaÂ (Gobierno De La Rioja)," 67.465,16 euros."
Sueldo de Alberto IbÃ¡Ã±ez Mezquita,Altos Cargos De Las CcaaÂ (Generalitat Valenciana)," 66.968,28 euros."
Sueldo de Alberto Mario Pazos Astrar,Altos Cargos De Las CcaaÂ (Gobierno De Canarias)," 59.659,87 euros."
Sueldo de Alberto Mula SÃ¡nchez,Altos Cargos De Las CcaaÂ (JUNTA DE ANDALUCÃA)," 53.243,94 euros."
Sueldo de Alberto Rojo Blas,Altos Cargos De Las CcaaÂ (Castilla La Mancha)," 62.052,34 euros."
Sueldo de Alberto Saiz Garitaonandia,Altos Cargos De Las CcaaÂ (Gobierno Vasco)," 67.757,9 euros."
Sueldo de Alberto San Juan Llorente,Altos Cargos De Las CcaaÂ (Comunidad De Madrid), 93.855 euros.
Sueldo de Alberto SÃ¡nchez MartÃ­nez,Altos Cargos De Las CcaaÂ (JUNTA DE ANDALUCÃA)," 55.812,16 euros."
Sueldo de Alberto VizcaÃ­no FernÃ¡ndezÂ ,Altos Cargos De Las CcaaÂ (Gobierno De Asturias)," 55.736,44 euros."
Sueldo de Aleix Villatoro Oliver,Altos Cargos De Las CcaaÂ (Generalitat De Catalunya)," 82.209,94 euros."
Sueldo de Alejandro Alonso NÃºÃ±ez,Altos Cargos De Las CcaaÂ (Castilla La Mancha)," 62.052,34 euros."
Sueldo de Alejandro Arranz Calvo,Altos Cargos De Las CcaaÂ (Comunidad De Madrid), 93.855 euros.
Sueldo de Alejandro Lopez Carcamo,Altos Cargos De Las CcaaÂ (Gobierno Vasco)," 67.757,9 euros."
Sueldo de Alejandro Marichal Ramos,Altos Cargos De Las CcaaÂ (Gobierno De Canarias)," 59.659,87 euros."
Sueldo de Alejandro MÃ¡rquez LlordÃ©n,Altos Cargos De Las CcaaÂ (JUNTA DE ANDALUCÃA)," 66.992,8 euros."
Sueldo de Alejandro Narvay Quintero CastaÃ±eda,Altos Cargos De Las CcaaÂ (Gobierno De Canarias)," 66.736,4 euros."
Sueldo de Alejandro Salgado Losada,Altos Cargos De Las CcaaÂ (Junta De Castilla Y LeÃ³n)," 67.522,2 euros."
Sueldo de Alejandro SÃ¡nchez de Dios,Altos Cargos De Las CcaaÂ (Xunta De Galicia), 46.904 euros.
Sueldo de Alejandro Zamora LÃ³pez-Fuensalida,Altos Cargos De Las CcaaÂ (Gobierno De Murcia)," 54.064,12 euros."
Sueldo de Alejo JoaquÃ­n Miranda de Larra Arnaiz,Altos Cargos De Las CcaaÂ (Comunidad De Madrid), 93.855 euros.
Sueldo de Alex Etxeberria Aranburu,Altos Cargos De Las CcaaÂ (Gobierno Vasco)," 67.757,9 euros."
Sueldo de Alexander Arriola Lizarriturri,Altos Cargos De Las CcaaÂ (Gobierno Vasco)," 67.757,9 euros."
Sueldo de Alexandra Betancort Reyes,Altos Cargos De Las CcaaÂ (Gobierno De Canarias)," 60.403,43 euros."
Sueldo de Alfonso Cabaleiro DurÃ¡n,Altos Cargos De Las CcaaÂ (Xunta De Galicia), 46.904 euros.
Sueldo de Alfonso DomÃ­nguez SimÃ³n,Altos Cargos De Las CcaaÂ (Gobierno De La Rioja)," 67.465,16 euros."
Sueldo de Alfonso GÃ³mez GÃ¡mez,Altos Cargos De Las CcaaÂ (Gobierno De AragÃ³n)," 64.743,72 euros."
Sueldo de Alfonso GonzÃ¡lez Hermoso de Mendoza,Altos Cargos De Las CcaaÂ (Comunidad De Madrid), 93.855 euros.
Sueldo de Alfonso JosÃ© Montero Moreno,Altos Cargos De Las CcaaÂ (Junta De Castilla Y LeÃ³n)," 71.483,32 euros."
Sueldo de Alfonso Lahuerta Izquierdo,Altos Cargos De Las CcaaÂ (Junta De Castilla Y LeÃ³n)," 57.332,62 euros."
Sueldo de Alfonso PÃ©rez Aristi,Altos Cargos De Las CcaaÂ (Gobierno De Cantabria)," 61.794,6 euros."
Sueldo de Alfonso Puncel Chornet,Altos Cargos De Las CcaaÂ (Generalitat Valenciana)," 62.260,64 euros."
Sueldo de Alfonso Ribas Alvarez,Altos Cargos De Las CcaaÂ (Xunta De Galicia), 46.904 euros.
Sueldo de Alfonso Rueda Valenzuela,"Altos Cargos De Las Ccaa,Â Diputado CcaaÂ (Xunta De Galicia, Parlamento De Galicia)"," 68.098,62 euros."
Sueldo de Alfonso SÃ¡nchez Izquierdo,Altos Cargos De Las CcaaÂ (Xunta De Galicia), 67.848 euros.
Sueldo de Alfonso SÃ¡nchez Vicente,Altos Cargos De Las CcaaÂ (Comunidad De Madrid), 93.855 euros.
Sueldo de Alfred Bosch PascualÂ ,Altos Cargos De Las CcaaÂ (Generalitat De Catalunya)," 110.759,94 euros."
Sueldo de Alfredo Argumosa SuÃ¡rez,Altos Cargos De Las CcaaÂ (Gobierno De Cantabria)," 34.156,25 euros."
Sueldo de Alfredo Izaguirre Aranceta,Altos Cargos De Las CcaaÂ (Gobierno De Cantabria)," 61.794,6 euros."
Sueldo de Alfredo Valdivia Ayala,Altos Cargos De Las CcaaÂ (JUNTA DE ANDALUCÃA)," 58.343,94 euros."
Sueldo de Alicia Barquero SÃ¡nchez,Altos Cargos De Las CcaaÂ (Gobierno De Murcia)," 54.064,12 euros."
Sueldo de Alicia GarcÃ­a RodrÃ­guez,Altos Cargos De Las CcaaÂ (Junta De Castilla Y LeÃ³n)," 73.331,66 euros."
Sueldo de Alicia Renedo Alonso,Altos Cargos De Las CcaaÂ (Gobierno De Cantabria)," 61.794,6 euros."
Sueldo de Alipio GarcÃ­a RodrÃ­guez,Altos Cargos De Las CcaaÂ (Castilla La Mancha)," 62.052,34 euros."
Sueldo de Almudena ChacÃ³n Pichel,Altos Cargos De Las CcaaÂ (Xunta De Galicia)," 59.046,48 euros."
Sueldo de Almudena Cueto SÃ¡nchez,Altos Cargos De Las CcaaÂ (Gobierno De Asturias)," 55.736,44 euros."
Sueldo de Almudena Otaola Urquijo,Altos Cargos De Las CcaaÂ (Gobierno Vasco)," 67.757,9 euros."
Sueldo de Alonso GÃ³mez LÃ³pez,Altos Cargos De Las CcaaÂ (Gobierno De Murcia)," 54.064,12 euros."
Sueldo de Ãlvaro BarÃ¡ibar EcheverrÃ­a,Altos Cargos De Las CcaaÂ (Gobierno De Navarra)," 55.855,66 euros."
Sueldo de Ãlvaro CÃ©sar Ãlvarez GarcÃ­a,Altos Cargos De Las CcaaÂ (Gobierno De Asturias)," 64.985,66 euros."
Sueldo de Ãlvaro CÃ©sar BallarÃ­n ValcÃ¡rcel,Altos Cargos De Las CcaaÂ (Comunidad De Madrid)," 97.277,4 euros."
Sueldo de Ãlvaro Gil I Amigo,Altos Cargos De Las CcaaÂ (Gobierno Illes Balears)," 53.998,8 euros."
Sueldo de Ãlvaro PÃ©rez LÃ³pez,Altos Cargos De Las CcaaÂ (Xunta De Galicia)," 56.166,88 euros."
Sueldo de Ãlvaro Prego GarcÃ­a,Altos Cargos De Las CcaaÂ (Xunta De Galicia), 45.827 euros.
Sueldo de Amador Pastor Noheda,Altos Cargos De Las CcaaÂ (Castilla La Mancha)," 62.052,34 euros."
Sueldo de Amador SÃ¡nchez SÃ¡nchez,Altos Cargos De Las CcaaÂ (Comunidad De Madrid)," 97.277,4 euros."
Sueldo de Amaia Arteaga DaÃ±obeitia,Altos Cargos De Las CcaaÂ (Gobierno Vasco)," 67.757,9 euros."
Sueldo de Amaia Esquisabel Alegria,Altos Cargos De Las CcaaÂ (Gobierno Vasco)," 67.757,9 euros."
Sueldo de Amaia GoÃ±i Lacabe,Altos Cargos De Las CcaaÂ (Gobierno De Navarra)," 55.855,66 euros."
Sueldo de Amaia Jauregiberri Goenaga,Altos Cargos De Las CcaaÂ (Gobierno Vasco)," 67.757,9 euros."
Sueldo de Amalio SÃ¡nchez Grande,Altos Cargos De Las CcaaÂ (Gobierno De Cantabria)," 61.794,6 euros."
Sueldo de Amand Caldero Montfort,Altos Cargos De Las CcaaÂ (Generalitat De Catalunya)," 85.769,1 euros."
Sueldo de Amparo Adam LlagÃ¼es,Altos Cargos De Las CcaaÂ (Generalitat Valenciana)," 62.069,16 euros."
Sueldo de Amparo Sanz Albornos,Altos Cargos De Las CcaaÂ (Junta De Castilla Y LeÃ³n)," 59.636,38 euros."
Sueldo de Ana Aguirre Zurutuza,Altos Cargos De Las CcaaÂ (Gobierno Vasco)," 79.460,57 euros."
Sueldo de Ana BarcelÃ³ Chico,"Altos Cargos De Las Ccaa,Â Diputado CcaaÂ (Generalitat Valenciana, Corts Valencianes)"," 58.757,52 euros."
Sueldo de Ana BelÃ©n Ãlvarez FernÃ¡ndez,Altos Cargos De Las CcaaÂ (Gobierno De Cantabria)," 61.794,6 euros."
Sueldo de Ana BelÃ©n Madera Molano,Altos Cargos De Las CcaaÂ (JUNTA DE ANDALUCÃA)," 59.213,91 euros."
Sueldo de Ana Concejo VÃ¡zquezÂ ,Altos Cargos De Las CcaaÂ (Gobierno De Asturias)," 55.736,44 euros."
Sueldo de Ana Conde Trescastro,Altos Cargos De Las CcaaÂ (JUNTA DE ANDALUCÃA)," 67.971,04 euros."
Sueldo de Ana DÃ¡vila Ponce de LeÃ³n Municio,Altos Cargos De Las CcaaÂ (Comunidad De Madrid), 93.855 euros.
Sueldo de Ana Esther Ruiz MacÃ­as,Altos Cargos De Las CcaaÂ (Gobierno De La Rioja)," 61.598,58 euros."
Sueldo de Ana GÃ³mez Barrionuevo,Altos Cargos De Las CcaaÂ (Gobierno De AragÃ³n)," 72.985,8 euros."
Sueldo de Ana Guijarro MartÃ­nez,Altos Cargos De Las CcaaÂ (Gobierno De Murcia)," 54.064,12 euros."
Sueldo de Ana Isabel Dorta Alonso,Altos Cargos De Las CcaaÂ (Gobierno De Canarias)," 59.659,87 euros."
Sueldo de Ana Isabel FarpÃ³n CastaÃ±Ã³n,Altos Cargos De Las CcaaÂ (Gobierno De Asturias)," 48.836,78 euros."
Sueldo de Ana Isabel FernÃ¡ndez Samper,Altos Cargos De Las CcaaÂ (Castilla La Mancha)," 62.052,34 euros."
Sueldo de Ana Isabel GonzÃ¡lez de La Torre,Altos Cargos De Las CcaaÂ (JUNTA DE ANDALUCÃA)," 47.344,86 euros."
Sueldo de Ana Isabel Marcos Vilar,Altos Cargos De Las CcaaÂ (Generalitat De Catalunya)," 85.769,1 euros."
Sueldo de Ana Isabel MartÃ­n FernÃ¡ndez,Altos Cargos De Las CcaaÂ (Comunidad De Madrid), 93.855 euros.
Sueldo de Ana Isabel MÃ©ndez SÃ¡inz-Maza,Altos Cargos De Las CcaaÂ (Gobierno De Cantabria)," 61.794,6 euros."
Sueldo de Ana Isabel SolÃ³rzano HernÃ¡ndez,Altos Cargos De Las CcaaÂ (Gobierno De Canarias)," 59.659,87 euros."
Sueldo de Ana Julia Herrera Isasi,Altos Cargos De Las CcaaÂ (Gobierno De Navarra)," 65.188,62 euros."
Sueldo de Ana MarÃ­a Ãvila PeÃ±alver,Altos Cargos De Las CcaaÂ (Generalitat Valenciana)," 70.174,97 euros."
Sueldo de Ana MarÃ­a Batista GarcÃ­a,Altos Cargos De Las CcaaÂ (Gobierno De Canarias)," 59.659,87 euros."
Sueldo de Ana MarÃ­a Campos Montero,Altos Cargos De Las CcaaÂ (JUNTA DE ANDALUCÃA)," 55.812,16 euros."
Sueldo de Ana MarÃ­a Cobo Carmona,Altos Cargos De Las CcaaÂ (JUNTA DE ANDALUCÃA)," 55.812,16 euros."
Sueldo de Ana MarÃ­a DÃ­az LÃ³pezÂ ,Altos Cargos De Las CcaaÂ (Xunta De Galicia)," 60.774,4 euros."
Sueldo de Ana MarÃ­a GarcÃ­a GarcÃ­a,Altos Cargos De Las CcaaÂ (Generalitat Valenciana)," 61.635,86 euros."
Sueldo de Ana MarÃ­a Vega FernÃ¡ndez,Altos Cargos De Las CcaaÂ (Junta De Extremadura)," 61.611,76 euros."
Sueldo de Ana Ollo Hualde,Altos Cargos De Las CcaaÂ (Gobierno De Navarra)," 65.188,62 euros."
Sueldo de Ana Saavedra Revenga,Altos Cargos De Las CcaaÂ (Castilla La Mancha)," 62.052,34 euros."
Sueldo de Ana VÃ¡zquez BeltrÃ¡n,Altos Cargos De Las CcaaÂ (Gobierno De AragÃ³n)," 67.047,48 euros."
Sueldo de Ander AÃ±ibarro Maestre,Altos Cargos De Las CcaaÂ (Gobierno Vasco)," 67.757,9 euros."
Sueldo de AndrÃ©s ArgÃ¼ello GabaldÃ³n,Altos Cargos De Las CcaaÂ (Gobierno De Cantabria), 54.507 euros.
Sueldo de AndrÃ©s Horrach Torrens,Altos Cargos De Las CcaaÂ (Gobierno Illes Balears)," 53.998,8 euros."
Sueldo de AndrÃ©s Paz-Ares RodrÃ­guezÂ ,Altos Cargos De Las CcaaÂ (Xunta De Galicia)," 60.774,3 euros."
Sueldo de AndrÃ©s Torrente MartÃ­nez,Altos Cargos De Las CcaaÂ (Gobierno De Murcia)," 54.064,12 euros."
Sueldo de Andres Zearreta Otazua,Altos Cargos De Las CcaaÂ (Gobierno Vasco)," 79.460,57 euros."
Sueldo de Andreu Ferrer BautistÃ ,Altos Cargos De Las CcaaÂ (Generalitat Valenciana)," 62.775,66 euros."
Sueldo de Andreu Iranzo Navarro,Altos Cargos De Las CcaaÂ (Generalitat Valenciana)," 56.504,78 euros."
Sueldo de Andreu Joan Martinez Hernandez,Altos Cargos De Las CcaaÂ (Generalitat De Catalunya)," 85.769,1 euros."
Sueldo de Ane Etxenagusia Aramburuzabala,Altos Cargos De Las CcaaÂ (Gobierno Vasco)," 67.757,9 euros."
Sueldo de Ãngel AcuÃ±a Racero,Altos Cargos De Las CcaaÂ (JUNTA DE ANDALUCÃA)," 58.430,94 euros."
Sueldo de Ãngel Bernardo TahocesÂ ,Altos Cargos De Las CcaaÂ (Xunta De Galicia)," 61.926,28 euros."
Sueldo de Ãngel Berzosa Romero,Altos Cargos De Las CcaaÂ (Gobierno De AragÃ³n)," 68.282,54 euros."
Sueldo de Ãngel Cortadelles I Bacaria,Altos Cargos De Las CcaaÂ (Generalitat De Catalunya)," 82.209,94 euros."
Sueldo de Ãngel Felpeto EnrÃ­quez,Altos Cargos De Las CcaaÂ (Castilla La Mancha)," 70.326,06 euros."
Sueldo de Ãngel FernÃ¡ndez Cuello,Altos Cargos De Las CcaaÂ (Gobierno De AragÃ³n)," 69.351,24 euros."
Sueldo de Ãngel Francisco SigÃ¼enza Molina,Altos Cargos De Las CcaaÂ (Junta De Castilla Y LeÃ³n)," 62.516,08 euros."
Sueldo de Ãngel Gavino Criado,Altos Cargos De Las CcaaÂ (JUNTA DE ANDALUCÃA)," 47.344,86 euros."
Sueldo de Ãngel Javier Gallego Morales,Altos Cargos De Las CcaaÂ (JUNTA DE ANDALUCÃA)," 78.280,5 euros."
Sueldo de Ãngel Jurado Segovia,Altos Cargos De Las CcaaÂ (Comunidad De Madrid), 93.855 euros.
"Sueldo de Ãngel Luis SÃ¡nchez MuÃ±oz,",Altos Cargos De Las CcaaÂ (JUNTA DE ANDALUCÃA)," 61.824,9 euros."
Sueldo de Ãngel MarÃ­a Marinero Peral,Altos Cargos De Las CcaaÂ (Junta De Castilla Y LeÃ³n)," 62.032,78 euros."
Sueldo de Ãngel MartÃ­n Vega,Altos Cargos De Las CcaaÂ (Junta De Castilla Y LeÃ³n)," 60.492,94 euros."
Sueldo de Ãngel Rafael Herraiz Lersundi,Altos Cargos De Las CcaaÂ (Comunidad De Madrid), 93.855 euros.
Sueldo de Angel RodrÃ­guez-Vergara DÃ­az,Altos Cargos De Las CcaaÂ (JUNTA DE ANDALUCÃA), 65.184 euros.
Sueldo de Ãngel Ruiz GÃ³mez,Altos Cargos De Las CcaaÂ (Gobierno De Cantabria)," 61.794,6 euros."
Sueldo de Ãngel Serrano Cugat,Altos Cargos De Las CcaaÂ (JUNTA DE ANDALUCÃA)," 55.812,16 euros."
Sueldo de Ãngel TomÃ¡s Godoy MartÃ­nez,Altos Cargos De Las CcaaÂ (Castilla La Mancha)," 62.052,34 euros."
Sueldo de Ãngeles Arquero Coloma,Altos Cargos De Las CcaaÂ (JUNTA DE ANDALUCÃA)," 55.812,16 euros."
Sueldo de Ãngeles Bogas GÃ¡lvez,Altos Cargos De Las CcaaÂ (Gobierno De Canarias)," 59.659,87 euros."
Sueldo de Ãngeles Palmero DÃ­az,Altos Cargos De Las CcaaÂ (Gobierno De Canarias)," 59.659,87 euros."
Sueldo de Ãngeles VÃ¡zquez Mejuto,Altos Cargos De Las CcaaÂ (Xunta De Galicia)," 69.233,46 euros."
Sueldo de Angels Ponsa Roca,Altos Cargos De Las CcaaÂ (Generalitat De Catalunya)," 82.209,94 euros."
Sueldo de Aniceto Javier Armas GonzÃ¡lez,Altos Cargos De Las CcaaÂ (Gobierno De Canarias)," 60.403,43 euros."
Sueldo de Anna Tarrach Colls,Altos Cargos De Las CcaaÂ (Generalitat De Catalunya)," 82.209,94 euros."
Sueldo de Antoni Alorda Vilarrubias,Altos Cargos De Las CcaaÂ (Gobierno Illes Balears)," 53.998,8 euros."
Sueldo de Antoni Marzo Pastor,Altos Cargos De Las CcaaÂ (Generalitat Valenciana)," 62.719,69 euros."
Sueldo de Antoni Molons Garcia,Altos Cargos De Las CcaaÂ (Generalitat De Catalunya)," 85.769,1 euros."
Sueldo de Antoni SansÃ³ Servera,Altos Cargos De Las CcaaÂ (Gobierno Illes Balears)," 53.998,8 euros."
Sueldo de Antoni Such Botella,Altos Cargos De Las CcaaÂ (Generalitat Valenciana)," 68.620,26 euros."
Sueldo de Antonia Cerrato RodrÃ­guez,Altos Cargos De Las CcaaÂ (Junta De Extremadura)," 66.219,28 euros."
Sueldo de Antonia JesÃºs Moro CÃ¡rdeno,Altos Cargos De Las CcaaÂ (JUNTA DE ANDALUCÃA)," 61.824,9 euros."
Sueldo de Antonia MarÃ­a PÃ©rez PÃ©rez,Altos Cargos De Las CcaaÂ (Gobierno De Canarias)," 59.659,87 euros."
Sueldo de Antonia MarÃ­a Petra Cascales Guil,Altos Cargos De Las CcaaÂ (JUNTA DE ANDALUCÃA)," 71.988,16 euros."
Sueldo de Antonio Aiz Salazar,Altos Cargos De Las CcaaÂ (Gobierno Vasco)," 79.460,57 euros."
Sueldo de Antonio Alemany LÃ³pez,Altos Cargos De Las CcaaÂ (Comunidad De Madrid), 93.855 euros.
Sueldo de Antonio Bocanegra Diego,Altos Cargos De Las CcaaÂ (Gobierno De Cantabria)," 61.794,6 euros."
Sueldo de Antonio Cabezas GarcÃ­a,Altos Cargos De Las CcaaÂ (Junta De Extremadura)," 68.191,49 euros."
Sueldo de Antonio Cuenca Lomas,Altos Cargos De Las CcaaÂ (JUNTA DE ANDALUCÃA)," 48.634,52 euros."
Sueldo de Antonio Ernesto Arrufat GascÃ³n,Altos Cargos De Las CcaaÂ (Gobierno De AragÃ³n), 71.655 euros.
Sueldo de Antonio FernÃ¡ndez MartÃ­nez,Altos Cargos De Las CcaaÂ (JUNTA DE ANDALUCÃA)," 61.824,9 euros."
Sueldo de Antonio GalÃ¡n Pedregosa,Altos Cargos De Las CcaaÂ (JUNTA DE ANDALUCÃA)," 61.138,38 euros."
Sueldo de Antonio GonzÃ¡lez FernÃ¡ndez,Altos Cargos De Las CcaaÂ (Gobierno De Asturias)," 55.736,44 euros."
Sueldo de Antonio Javier Lucio Calero,Altos Cargos De Las CcaaÂ (Gobierno De Cantabria)," 61.794,6 euros."
Sueldo de Antonio JosÃ© LÃ³pez FernÃ¡ndez,Altos Cargos De Las CcaaÂ (JUNTA DE ANDALUCÃA)," 47.344,86 euros."
Sueldo de Antonio JosÃ© Lucas SÃ¡nchez,Altos Cargos De Las CcaaÂ (JUNTA DE ANDALUCÃA)," 55.812,16 euros."
Sueldo de Antonio JosÃ© Valverde Asencio,Altos Cargos De Las CcaaÂ (JUNTA DE ANDALUCÃA)," 61.824,9 euros."
Sueldo de Antonio Llorens de La Cruz,Altos Cargos De Las CcaaÂ (Gobierno De Canarias)," 60.403,43 euros."
Sueldo de Antonio LÃ³pez Porto,Altos Cargos De Las CcaaÂ (Comunidad De Madrid)," 97.277,4 euros."
Sueldo de Antonio Luengo RodrÃ­guez,Altos Cargos De Las CcaaÂ (Castilla La Mancha)," 62.052,34 euros."
Sueldo de Antonio Luengo Zapata,Altos Cargos De Las CcaaÂ (Gobierno De Murcia)," 54.064,12 euros."
Sueldo de Antonio Luis Carrasco Reija,Altos Cargos De Las CcaaÂ (Comunidad De Madrid), 93.855 euros.
Sueldo de Antonio MarÃ­a SÃ¡ez Aguado,Altos Cargos De Las CcaaÂ (Junta De Castilla Y LeÃ³n)," 79.091,06 euros."
Sueldo de Antonio MartÃ­nez Ramos,Altos Cargos De Las CcaaÂ (Gobierno De AragÃ³n)," 68.199,36 euros."
Sueldo de Antonio MartÃ­nez RodrÃ­guez,Altos Cargos De Las CcaaÂ (JUNTA DE ANDALUCÃA)," 55.914,66 euros."
Sueldo de Antonio Mendaza LÃ¡zaro,Altos Cargos De Las CcaaÂ (Gobierno De La Rioja)," 58.665,38 euros."
Sueldo de Antonio MolejÃ³n Iglesias,Altos Cargos De Las CcaaÂ (Gobierno De Asturias)," 55.736,44 euros."
Sueldo de Antonio Morante Milla,Altos Cargos De Las CcaaÂ (Gobierno Illes Balears)," 53.998,8 euros."
Sueldo de Antonio Posse PeÃ±a,Altos Cargos De Las CcaaÂ (Xunta De Galicia), 52.306 euros.
Sueldo de Antonio RamÃ­rez de Arellano LÃ³pez,Altos Cargos De Las CcaaÂ (JUNTA DE ANDALUCÃA)," 65.184,2 euros."
Sueldo de Antonio Raya Ãlvarez,Altos Cargos De Las CcaaÂ (Generalitat Valenciana)," 56.504,78 euros."
Sueldo de Antonio RodrÃ­guez Miranda,Altos Cargos De Las CcaaÂ (Xunta De Galicia)," 56.166,88 euros."
Sueldo de Antonio Ruiz Romero,Altos Cargos De Las CcaaÂ (Junta De Extremadura)," 61.611,76 euros."
Sueldo de Antonio Serrano GonzÃ¡lez,Altos Cargos De Las CcaaÂ (Gobierno De AragÃ³n)," 65.895,6 euros."
Sueldo de Antonio Serrano SÃ¡nchez,Altos Cargos De Las CcaaÂ (Castilla La Mancha)," 62.052,34 euros."
Sueldo de Antonio Servera Saletas,Altos Cargos De Las CcaaÂ (Gobierno Illes Balears)," 53.998,8 euros."
Sueldo de Antonio Torres Salvador,Altos Cargos De Las CcaaÂ (Generalitat Valenciana)," 63.416,06 euros."
Sueldo de Antonio Verde Cordero,Altos Cargos De Las CcaaÂ (Junta De Extremadura)," 64.212,12 euros."
Sueldo de Anxo Manuel Lorenzo SuÃ¡rez,Altos Cargos De Las CcaaÂ (Xunta De Galicia)," 60.774,4 euros."
Sueldo de Aquilino Alonso Miranda,Altos Cargos De Las CcaaÂ (JUNTA DE ANDALUCÃA)," 76.259,5 euros."
Sueldo de Araceli MartÃ­nez Esteban,Altos Cargos De Las CcaaÂ (Castilla La Mancha)," 66.189,2 euros."
Sueldo de Araceli MuÃ±oz de Pedro,Altos Cargos De Las CcaaÂ (Castilla La Mancha)," 66.189,2 euros."
Sueldo de Arcadi EspaÃ±a GarcÃ­a,Altos Cargos De Las CcaaÂ (Generalitat Valenciana)," 66.886,8 euros."
Sueldo de Arcadi Navarro Cuartiellas,Altos Cargos De Las CcaaÂ (Generalitat De Catalunya)," 85.769,1 euros."
Sueldo de Arkaitz Millan Echezarreta,Altos Cargos De Las CcaaÂ (Gobierno Vasco)," 67.757,9 euros."
Sueldo de Armando Fidel GutiÃ©rrez ArispÃ³n,Altos Cargos De Las CcaaÂ (JUNTA DE ANDALUCÃA), 59.174 euros.
Sueldo de Arnau Queralt Bassa,Altos Cargos De Las CcaaÂ (Generalitat De Catalunya)," 82.209,94 euros."
Sueldo de Arturo Parrado Puente,Altos Cargos De Las CcaaÂ (Xunta De Galicia)," 56.166,88 euros."
Sueldo de AscensiÃ³n MilÃ¡n RomÃ¡n,Altos Cargos De Las CcaaÂ (Junta De Extremadura)," 48.577,15 euros."
Sueldo de AscensiÃ³n Toledo HernÃ¡ndez,Altos Cargos De Las CcaaÂ (Gobierno De Canarias)," 59.659,87 euros."
Sueldo de Asensio LÃ³pez Santiago,Altos Cargos De Las CcaaÂ (Gobierno De Murcia)," 63.036,24 euros."
Sueldo de Asier Arrese Zabala,Altos Cargos De Las CcaaÂ (Gobierno Vasco)," 67.757,9 euros."
Sueldo de AsunciÃ³n PeÃ±a BursÃ³n,Altos Cargos De Las CcaaÂ (JUNTA DE ANDALUCÃA)," 61.824,9 euros."
Sueldo de Aurelia Calzada MuÃ±oz,Altos Cargos De Las CcaaÂ (JUNTA DE ANDALUCÃA)," 55.812,16 euros."
Sueldo de Aurelia SÃ¡nchez Navarro,Altos Cargos De Las CcaaÂ (Castilla La Mancha)," 70.326,06 euros."
Sueldo de Aurelio GonzÃ¡lez GonzÃ¡lez,Altos Cargos De Las CcaaÂ (Gobierno De Canarias)," 60.403,43 euros."
Sueldo de Aurora Moreno Santana,Altos Cargos De Las CcaaÂ (Gobierno De Canarias)," 59.659,87 euros."
Sueldo de Aurora Venegas MarÃ­n,"Altos Cargos De Las Ccaa,Â Altos Cargos De Las CcaaÂ (Junta De Extremadura, Junta De Extremadura)"," 61.611,76 euros."
Sueldo de BÃ¡rbara LÃ³pez RamÃ³n,Altos Cargos De Las CcaaÂ (Generalitat Valenciana)," 60.743,78 euros."
Sueldo de Baudilio Felipe FernÃ¡ndez-Mardomingo Barriuso,Altos Cargos De Las CcaaÂ (Junta De Castilla Y LeÃ³n)," 64.602,24 euros."
Sueldo de Beatriz Artolazabal Albeniz,Altos Cargos De Las CcaaÂ (Gobierno Vasco)," 87.799,34 euros."
Sueldo de Beatriz CuiÃ±a BarjaÂ ,Altos Cargos De Las CcaaÂ (Xunta De Galicia)," 56.166,88 euros."
Sueldo de Beatriz GamundÃ­ Molina,Altos Cargos De Las CcaaÂ (Gobierno Illes Balears)," 53.998,8 euros."
Sueldo de Beatriz GonzÃ¡lez LoroÃ±o,Altos Cargos De Las CcaaÂ (Xunta De Galicia), 52.306 euros.
Sueldo de Beatriz PÃ¡ez HernÃ¡nde,Altos Cargos De Las CcaaÂ (Gobierno De Canarias)," 49.200,45 euros."
Sueldo de Beatriz Ramirez AndrÃ©s,Altos Cargos De Las CcaaÂ (Gobierno De La Rioja)," 61.598,58 euros."
Sueldo de BegoÃ±a Ãlvarez Civantos,Altos Cargos De Las CcaaÂ (JUNTA DE ANDALUCÃA), 65.184 euros.
Sueldo de BegoÃ±a GarcÃ­a Bernal,Altos Cargos De Las CcaaÂ (Junta De Extremadura)," 67.965,52 euros."
Sueldo de BegoÃ±a Lema de Pablo,Altos Cargos De Las CcaaÂ (Gobierno De La Rioja)," 61.598,58 euros."
Sueldo de BegoÃ±a MartÃ­nez Arregui,Altos Cargos De Las CcaaÂ (Gobierno De La Rioja)," 67.465,16 euros."
Sueldo de BegoÃ±a Perez de Eulate Gonzalez,Altos Cargos De Las CcaaÂ (Gobierno Vasco)," 67.757,9 euros."
Sueldo de BegoÃ±a Urrutia Juanicotena,Altos Cargos De Las CcaaÂ (Gobierno De Navarra)," 55.855,66 euros."
Sueldo de BelÃ©n Ferreiro Esteban,Altos Cargos De Las CcaaÂ (Xunta De Galicia), 46.904 euros.
Sueldo de BelÃ©n MarÃ­a do Campo PiÃ±eiroÂ ,Altos Cargos De Las CcaaÂ (Xunta De Galicia)," 56.166,88 euros."
Sueldo de Benigno Caviedes Altable,Altos Cargos De Las CcaaÂ (Gobierno De Cantabria)," 75.963,79 euros."
Sueldo de Benigno FernÃ¡ndez FanoÂ ,Altos Cargos De Las CcaaÂ (Gobierno De Asturias)," 64.985,66 euros."
Sueldo de Benito GarcÃ­a CaramÃ©s,Altos Cargos De Las CcaaÂ (Xunta De Galicia), 52.306 euros.
Sueldo de Benito PrÃ³sper GutiÃ©rrez,Altos Cargos De Las CcaaÂ (Gobierno Illes Balears)," 53.998,8 euros."
Sueldo de Bernardo F. Colsa Lloreda,Altos Cargos De Las CcaaÂ (Gobierno De Cantabria)," 61.794,6 euros."
Sueldo de Bernat Valls Fuster,Altos Cargos De Las CcaaÂ (Generalitat De Catalunya)," 82.209,94 euros."
Sueldo de Bienvenido Mena MerchÃ¡n,Altos Cargos De Las CcaaÂ (Junta De Castilla Y LeÃ³n)," 64.327,64 euros."
Sueldo de Bingen Zupiria Gorostidi,Altos Cargos De Las CcaaÂ (Gobierno Vasco)," 87.799,34 euros."
Sueldo de Blanca Delia PÃ©rez Delgado,Altos Cargos De Las CcaaÂ (Gobierno De Canarias)," 60.403,43 euros."
Sueldo de Blanca Esther Elordi Romero,Altos Cargos De Las CcaaÂ (Gobierno Vasco)," 67.757,9 euros."
Sueldo de Blanca GarcÃ­a-SeÃ±orÃ¡ns ÃlvarezÂ ,Altos Cargos De Las CcaaÂ (Xunta De Galicia)," 56.166,88 euros."
Sueldo de Blanca MarÃ­n Ferreiro,Altos Cargos De Las CcaaÂ (Generalitat Valenciana)," 58.744,08 euros."
Sueldo de Blanca Pinedo Texidor,Altos Cargos De Las CcaaÂ (Comunidad De Madrid)," 97.277,4 euros."
Sueldo de Blas Labrador RomÃ¡n,Altos Cargos De Las CcaaÂ (Comunidad De Madrid), 93.855 euros.
Sueldo de Borja Carabante Muntada,Altos Cargos De Las CcaaÂ (Comunidad De Madrid)," 97.277,4 euros."
Sueldo de Borja Verea FraizÂ ,Altos Cargos De Las CcaaÂ (Xunta De Galicia)," 57.894,7 euros."
Sueldo de Brauli Duart Llinares,Altos Cargos De Las CcaaÂ (Generalitat De Catalunya)," 85.769,1 euros."
Sueldo de Candelaria UmpiÃ©rrez Ramos,Altos Cargos De Las CcaaÂ (Gobierno De Canarias)," 59.659,87 euros."
Sueldo de Carles Gonyalons Sureda,Altos Cargos De Las CcaaÂ (Gobierno Illes Balears)," 53.998,8 euros."
Sueldo de Carles Martinez Quiroga,Altos Cargos De Las CcaaÂ (Generalitat De Catalunya)," 85.769,1 euros."
Sueldo de Carlos Alberto SÃ¡nchez Coello,Altos Cargos De Las CcaaÂ (JUNTA DE ANDALUCÃA)," 50.510,69 euros."
Sueldo de Carlos Alonso Ledesma,Altos Cargos De Las CcaaÂ (Gobierno De La Rioja)," 61.598,58 euros."
Sueldo de Carlos Barrios LeganÃ©s,Altos Cargos De Las CcaaÂ (Castilla La Mancha)," 66.189,2 euros."
Sueldo de Carlos Blanco Bravo,Altos Cargos De Las CcaaÂ (Comunidad De Madrid), 93.855 euros.
Sueldo de Carlos Cuevas Villoslada,"Altos Cargos De Las Ccaa,Â Diputado CcaaÂ (Gobierno De La Rioja, Parlamento De La Rioja)"," 67.465,16 euros."
Sueldo de Carlos Domingo Soler,Altos Cargos De Las CcaaÂ (Generalitat Valenciana)," 61.688,24 euros."
Sueldo de Carlos GonzÃ¡lez Pereira,Altos Cargos De Las CcaaÂ (Comunidad De Madrid), 93.855 euros.
Sueldo de Carlos Gustavo DÃ­az Perera,Altos Cargos De Las CcaaÂ (Gobierno De Canarias)," 59.659,87 euros."
Sueldo de Carlos Izquierdo Torres,"Altos Cargos De Las Ccaa,Â Diputado CcaaÂ (Comunidad De Madrid, Asamblea De Madrid)"," 100.556,52 euros."
Sueldo de Carlos Javier FernÃ¡ndez Carriedo,Altos Cargos De Las CcaaÂ (Junta De Castilla Y LeÃ³n)," 79.091,06 euros."
Sueldo de Carlos Javier RodrÃ­guez JimÃ©nez,Altos Cargos De Las CcaaÂ (Junta De Extremadura)," 64.447,88 euros."
Sueldo de Carlos MÂª de Urquijo Valdivielso,Altos Cargos De Las CcaaÂ (Comunidad De Madrid), 93.855 euros.
Sueldo de Carlos MartÃ­n Tobalina,Altos Cargos De Las CcaaÂ (Junta De Castilla Y LeÃ³n)," 67.522,2 euros."
Sueldo de Carlos Moro Valero,Altos Cargos De Las CcaaÂ (Comunidad De Madrid)," 97.788,96 euros."
Sueldo de Carlos Novillo Piris,Altos Cargos De Las CcaaÂ (Comunidad De Madrid)," 97.277,4 euros."
Sueldo de Carlos Pesquera GonzÃ¡lez,Altos Cargos De Las CcaaÂ (Gobierno De Cantabria)," 61.794,6 euros."
Sueldo de Carlos Quindos FernÃ¡ndez,Altos Cargos De Las CcaaÂ (Gobierno Vasco)," 67.757,9 euros."
Sueldo de Carlos RaÃºl de Pablos PÃ©rez,Altos Cargos De Las CcaaÂ (Junta De Castilla Y LeÃ³n), 71.554 euros.
Sueldo de Carlos RodrÃ­guez SÃ¡nchez,Altos Cargos De Las CcaaÂ (Gobierno De Asturias)," 55.736,44 euros."
Sueldo de Carlos Soria Cirugeda,Altos Cargos De Las CcaaÂ (Gobierno De AragÃ³n)," 69.351,24 euros."
Sueldo de Carlos YÃ©cora Roca,Altos Cargos De Las CcaaÂ (Gobierno De La Rioja)," 61.598,58 euros."
Sueldo de Carmel Modol Bresoli,Altos Cargos De Las CcaaÂ (Generalitat De Catalunya)," 82.209,94 euros."
Sueldo de Carmelina PlÃ  Silvestre,Altos Cargos De Las CcaaÂ (Generalitat Valenciana)," 56.504,78 euros."
Sueldo de Carmelo Arcelus Mugica,Altos Cargos De Las CcaaÂ (Gobierno Vasco)," 67.757,9 euros."
Sueldo de Carmelo Bosque PalacÃ­n,Altos Cargos De Las CcaaÂ (Gobierno De AragÃ³n)," 71.079,06 euros."
Sueldo de Carmen Amoraga Toledo,Altos Cargos De Las CcaaÂ (Generalitat Valenciana)," 56.504,78 euros."
Sueldo de Carmen ElÃ­as Iglesias,Altos Cargos De Las CcaaÂ (JUNTA DE ANDALUCÃA)," 61.824,9 euros."
Sueldo de Carmen FernÃ¡ndez Morillo,Altos Cargos De Las CcaaÂ (JUNTA DE ANDALUCÃA)," 61.824,9 euros."
Sueldo de Carmen Garcia Suarez,Altos Cargos De Las CcaaÂ (Generalitat De Catalunya)," 82.209,94 euros."
Sueldo de Carmen GonzÃ¡lez Ramos,Altos Cargos De Las CcaaÂ (Junta De Extremadura)," 61.611,76 euros."
Sueldo de Carmen LÃ³pez Delgado,Altos Cargos De Las CcaaÂ (Generalitat Valenciana)," 62.052,6 euros."
Sueldo de Carmen MarÃ­a Moreno Vargas,Altos Cargos De Las CcaaÂ (Junta De Extremadura)," 61.611,75 euros."
Sueldo de Carmen MarÃ­a Sandoval SÃ¡nchez,Altos Cargos De Las CcaaÂ (Gobierno De Murcia)," 54.064,12 euros."
Sueldo de Carmen MarÃ­a Zamora PÃ¡rraga,Altos Cargos De Las CcaaÂ (Gobierno De Murcia)," 54.064,12 euros."
Sueldo de Carmen Morales RodrÃ­guez,Altos Cargos De Las CcaaÂ (Gobierno De Canarias)," 59.659,87 euros."
Sueldo de Carmen NÃºÃ±ez Cumplido,Altos Cargos De Las CcaaÂ (Junta De Extremadura)," 63.999,26 euros."
Sueldo de Carmen Pomar Tojo,Altos Cargos De Las CcaaÂ (Xunta De Galicia)," 64.067,04 euros."
Sueldo de Carmen Ruiz Alonso,Altos Cargos De Las CcaaÂ (Junta De Castilla Y LeÃ³n)," 73.266,84 euros."
Sueldo de Carmen SÃ¡enz Pastor,Altos Cargos De Las CcaaÂ (Gobierno De La Rioja)," 61.598,58 euros."
Sueldo de Carmen Teresa Olmedo Pedroche,Altos Cargos De Las CcaaÂ (Castilla La Mancha)," 62.052,34 euros."
Sueldo de Carmen Trejo Mostazo,Altos Cargos De Las CcaaÂ (Junta De Extremadura)," 48.592,46 euros."
Sueldo de Carolina GarcÃ­a Durrif,Altos Cargos De Las CcaaÂ (Comunidad De Madrid), 93.855 euros.
Sueldo de Catalina Cladera I CrespÃ­,Altos Cargos De Las CcaaÂ (Gobierno Illes Balears)," 58.461,06 euros."
Sueldo de Catalina InÃ©s PerellÃ³ I Carbonell,Altos Cargos De Las CcaaÂ (Gobierno Illes Balears)," 53.998,8 euros."
Sueldo de Cecilia VÃ¡zquez SuÃ¡rezÂ ,Altos Cargos De Las CcaaÂ (Xunta De Galicia)," 56.166,88 euros."
Sueldo de Ceferino JosÃ© Marrero FariÃ±a,Altos Cargos De Las CcaaÂ (Gobierno De Canarias)," 89.808,55 euros."
Sueldo de Celia GÃ³mez GonzÃ¡lez,Altos Cargos De Las CcaaÂ (JUNTA DE ANDALUCÃA)," 72.028,36 euros."
"Sueldo de Cervera Guerrero, Antonio Miguel",Altos Cargos De Las CcaaÂ (JUNTA DE ANDALUCÃA)," 55.812,16 euros."
Sueldo de CÃ©sar de Cos Ahumada,Altos Cargos De Las CcaaÂ (Gobierno De Cantabria)," 61.794,6 euros."
Sueldo de CÃ©sar MartÃ­n PÃ©rez,Altos Cargos De Las CcaaÂ (Gobierno De Canarias)," 59.659,87 euros."
Sueldo de CesÃ¡reo RodrÃ­guez Santos,Altos Cargos De Las CcaaÂ (Gobierno De Canarias)," 59.659,87 euros."
Sueldo de Chakir El Homrani Lesfar,Altos Cargos De Las CcaaÂ (Generalitat De Catalunya)," 110.759,94 euros."
Sueldo de Christian MÃ©ndez Benedetti,Altos Cargos De Las CcaaÂ (Gobierno De Canarias)," 59.659,87 euros."
Sueldo de Ciro GutiÃ©rrez Ascanio,Altos Cargos De Las CcaaÂ (Gobierno De Canarias)," 59.659,87 euros."
Sueldo de Clara Ferrando Estrella,Altos Cargos De Las CcaaÂ (Generalitat Valenciana)," 58.744,08 euros."
Sueldo de Clara InÃ©s RodrÃ­guez Foruria,Altos Cargos De Las CcaaÂ (JUNTA DE ANDALUCÃA)," 48.634,52 euros."
